model,language,mean_top1
sentence-transformers/LaBSE,albanian,0.8094374999999999
sentence-transformers/LaBSE,asante,0.08425
sentence-transformers/LaBSE,assamese,0.7781374999999999
sentence-transformers/LaBSE,azeri,0.8071624999999999
sentence-transformers/LaBSE,bosnian-mihanovich,0.8151375
sentence-transformers/LaBSE,bosnian-rwwad,0.8114375
sentence-transformers/LaBSE,chinese,0.785925
sentence-transformers/LaBSE,croatian,0.8112375000000001
sentence-transformers/LaBSE,dutch,0.80955
sentence-transformers/LaBSE,english,0.8287375000000001
sentence-transformers/LaBSE,french,0.7718375000000001
sentence-transformers/LaBSE,german,0.8124375
sentence-transformers/LaBSE,gujarati,0.7839750000000001
sentence-transformers/LaBSE,hausa,0.6973374999999999
sentence-transformers/LaBSE,indonesian,0.8172
sentence-transformers/LaBSE,japanese,0.7914
sentence-transformers/LaBSE,kannada,0.809225
sentence-transformers/LaBSE,khmer,0.7861125
sentence-transformers/LaBSE,kurdish,0.061687500000000006
sentence-transformers/LaBSE,kyrgyz,0.7726750000000001
sentence-transformers/LaBSE,lingala,0.12672500000000003
sentence-transformers/LaBSE,lithuanian,0.7942
sentence-transformers/LaBSE,macedonian,0.8006125000000001
sentence-transformers/LaBSE,malayalam,0.8095000000000001
sentence-transformers/LaBSE,moore,0.060825
sentence-transformers/LaBSE,oromo,0.08324999999999999
sentence-transformers/LaBSE,pashto,0.7332124999999999
sentence-transformers/LaBSE,persian,0.806
sentence-transformers/LaBSE,portuguese,0.815925
sentence-transformers/LaBSE,romanian,0.8040499999999999
sentence-transformers/LaBSE,serbian,0.8059999999999998
sentence-transformers/LaBSE,spanish,0.7846875
sentence-transformers/LaBSE,tagalog,0.788825
sentence-transformers/LaBSE,tajik,0.7596375
sentence-transformers/LaBSE,tamil,0.8000875000000001
sentence-transformers/LaBSE,turkish,0.805425
sentence-transformers/LaBSE,urdu,0.8001999999999999
sentence-transformers/LaBSE,uyghur,0.7479374999999999
sentence-transformers/LaBSE,uzbek,0.7706000000000001
sentence-transformers/LaBSE,vietnamese,0.775725
sentence-transformers/LaBSE,yoruba,0.49675000000000014
sentence-transformers/paraphrase-multilingual-mpnet-base-v2,albanian,0.5026125
sentence-transformers/paraphrase-multilingual-mpnet-base-v2,asante,0.005525
sentence-transformers/paraphrase-multilingual-mpnet-base-v2,assamese,0.118675
sentence-transformers/paraphrase-multilingual-mpnet-base-v2,azeri,0.3842875
sentence-transformers/paraphrase-multilingual-mpnet-base-v2,bosnian-mihanovich,0.50675
sentence-transformers/paraphrase-multilingual-mpnet-base-v2,bosnian-rwwad,0.508275
sentence-transformers/paraphrase-multilingual-mpnet-base-v2,chinese,0.4
sentence-transformers/paraphrase-multilingual-mpnet-base-v2,croatian,0.5113375
sentence-transformers/paraphrase-multilingual-mpnet-base-v2,dutch,0.4950875
sentence-transformers/paraphrase-multilingual-mpnet-base-v2,english,0.53135
sentence-transformers/paraphrase-multilingual-mpnet-base-v2,french,0.4535125
sentence-transformers/paraphrase-multilingual-mpnet-base-v2,german,0.489525
sentence-transformers/paraphrase-multilingual-mpnet-base-v2,gujarati,0.19773749999999998
sentence-transformers/paraphrase-multilingual-mpnet-base-v2,hausa,0.0045874999999999996
sentence-transformers/paraphrase-multilingual-mpnet-base-v2,indonesian,0.4601
sentence-transformers/paraphrase-multilingual-mpnet-base-v2,japanese,0.424875
sentence-transformers/paraphrase-multilingual-mpnet-base-v2,kannada,0.323225
sentence-transformers/paraphrase-multilingual-mpnet-base-v2,khmer,0.33626249999999996
sentence-transformers/paraphrase-multilingual-mpnet-base-v2,kurdish,0.1949625
sentence-transformers/paraphrase-multilingual-mpnet-base-v2,kyrgyz,0.215125
sentence-transformers/paraphrase-multilingual-mpnet-base-v2,lingala,0.0043625
sentence-transformers/paraphrase-multilingual-mpnet-base-v2,lithuanian,0.4637375
sentence-transformers/paraphrase-multilingual-mpnet-base-v2,macedonian,0.5155375
sentence-transformers/paraphrase-multilingual-mpnet-base-v2,malayalam,0.35791249999999997
sentence-transformers/paraphrase-multilingual-mpnet-base-v2,moore,0.006075
sentence-transformers/paraphrase-multilingual-mpnet-base-v2,oromo,0.005262500000000001
sentence-transformers/paraphrase-multilingual-mpnet-base-v2,pashto,0.20855
sentence-transformers/paraphrase-multilingual-mpnet-base-v2,persian,0.41607500000000003
sentence-transformers/paraphrase-multilingual-mpnet-base-v2,portuguese,0.4925
sentence-transformers/paraphrase-multilingual-mpnet-base-v2,romanian,0.48719999999999997
sentence-transformers/paraphrase-multilingual-mpnet-base-v2,serbian,0.507925
sentence-transformers/paraphrase-multilingual-mpnet-base-v2,spanish,0.46248749999999994
sentence-transformers/paraphrase-multilingual-mpnet-base-v2,tagalog,0.013537500000000003
sentence-transformers/paraphrase-multilingual-mpnet-base-v2,tajik,0.0037375000000000004
sentence-transformers/paraphrase-multilingual-mpnet-base-v2,tamil,0.3623
sentence-transformers/paraphrase-multilingual-mpnet-base-v2,turkish,0.459925
sentence-transformers/paraphrase-multilingual-mpnet-base-v2,urdu,0.4338749999999999
sentence-transformers/paraphrase-multilingual-mpnet-base-v2,uyghur,0.24071250000000002
sentence-transformers/paraphrase-multilingual-mpnet-base-v2,uzbek,0.009
sentence-transformers/paraphrase-multilingual-mpnet-base-v2,vietnamese,0.4679375
sentence-transformers/paraphrase-multilingual-mpnet-base-v2,yoruba,0.0051875
intfloat/multilingual-e5-base,albanian,0.751675
intfloat/multilingual-e5-base,asante,0.4429125
intfloat/multilingual-e5-base,assamese,0.7227125
intfloat/multilingual-e5-base,azeri,0.7920999999999999
intfloat/multilingual-e5-base,bosnian-mihanovich,0.761725
intfloat/multilingual-e5-base,bosnian-rwwad,0.7561
intfloat/multilingual-e5-base,chinese,0.529
intfloat/multilingual-e5-base,croatian,0.7516750000000001
intfloat/multilingual-e5-base,dutch,0.7276625
intfloat/multilingual-e5-base,english,0.7738249999999999
intfloat/multilingual-e5-base,french,0.6223375
intfloat/multilingual-e5-base,german,0.71245
intfloat/multilingual-e5-base,gujarati,0.6766
intfloat/multilingual-e5-base,hausa,0.581025
intfloat/multilingual-e5-base,indonesian,0.6767749999999999
intfloat/multilingual-e5-base,japanese,0.5544125000000001
intfloat/multilingual-e5-base,kannada,0.7745375
intfloat/multilingual-e5-base,khmer,0.65385
intfloat/multilingual-e5-base,kurdish,0.593675
intfloat/multilingual-e5-base,kyrgyz,0.7114
intfloat/multilingual-e5-base,lingala,0.53025
intfloat/multilingual-e5-base,lithuanian,0.6252375000000001
intfloat/multilingual-e5-base,macedonian,0.7301875000000001
intfloat/multilingual-e5-base,malayalam,0.78145
intfloat/multilingual-e5-base,moore,0.275625
intfloat/multilingual-e5-base,oromo,0.4938874999999999
intfloat/multilingual-e5-base,pashto,0.6106374999999999
intfloat/multilingual-e5-base,persian,0.7588874999999999
intfloat/multilingual-e5-base,portuguese,0.5057
intfloat/multilingual-e5-base,romanian,0.6698125
intfloat/multilingual-e5-base,serbian,0.7148000000000001
intfloat/multilingual-e5-base,spanish,0.66015
intfloat/multilingual-e5-base,tagalog,0.7146
intfloat/multilingual-e5-base,tajik,0.680175
intfloat/multilingual-e5-base,tamil,0.772775
intfloat/multilingual-e5-base,turkish,0.6724375
intfloat/multilingual-e5-base,urdu,0.7562625000000001
intfloat/multilingual-e5-base,uyghur,0.7052875000000001
intfloat/multilingual-e5-base,uzbek,0.5609500000000001
intfloat/multilingual-e5-base,vietnamese,0.587425
intfloat/multilingual-e5-base,yoruba,0.32928750000000007
BAAI/bge-m3,albanian,0.8486499999999999
BAAI/bge-m3,asante,0.3192625
BAAI/bge-m3,assamese,0.8199625000000001
BAAI/bge-m3,azeri,0.8486999999999998
BAAI/bge-m3,bosnian-mihanovich,0.8498625000000001
BAAI/bge-m3,bosnian-rwwad,0.8492000000000001
BAAI/bge-m3,chinese,0.7715375
BAAI/bge-m3,croatian,0.8484625000000001
BAAI/bge-m3,dutch,0.8434999999999999
BAAI/bge-m3,english,0.8592000000000001
BAAI/bge-m3,french,0.7988875
BAAI/bge-m3,german,0.848725
BAAI/bge-m3,gujarati,0.8237375
BAAI/bge-m3,hausa,0.7249874999999999
BAAI/bge-m3,indonesian,0.8605625
BAAI/bge-m3,japanese,0.81075
BAAI/bge-m3,kannada,0.8433875000000001
BAAI/bge-m3,khmer,0.819875
BAAI/bge-m3,kurdish,0.34135
BAAI/bge-m3,kyrgyz,0.8114250000000001
BAAI/bge-m3,lingala,0.59085
BAAI/bge-m3,lithuanian,0.833675
BAAI/bge-m3,macedonian,0.846675
BAAI/bge-m3,malayalam,0.8490249999999999
BAAI/bge-m3,moore,0.0510625
BAAI/bge-m3,oromo,0.5790624999999999
BAAI/bge-m3,pashto,0.7823
BAAI/bge-m3,persian,0.859
BAAI/bge-m3,portuguese,0.8435
BAAI/bge-m3,romanian,0.8507374999999999
BAAI/bge-m3,serbian,0.8515
BAAI/bge-m3,spanish,0.8184625000000001
BAAI/bge-m3,tagalog,0.7833125
BAAI/bge-m3,tajik,0.7052375
BAAI/bge-m3,tamil,0.8408750000000002
BAAI/bge-m3,turkish,0.8401500000000001
BAAI/bge-m3,urdu,0.8415750000000001
BAAI/bge-m3,uyghur,0.7988500000000001
BAAI/bge-m3,uzbek,0.7869125
BAAI/bge-m3,vietnamese,0.8249749999999999
BAAI/bge-m3,yoruba,0.37596250000000003
