language,encoder,pct_over_cap,p99_len,cap
albanian,labse,0.032071840923669014,142,256
albanian,mpnet,1.8441308531109684,150,128
albanian,e5,0.0,150,512
albanian,bgem3,0.0,150,8192
asante,labse,0.4810776138550353,224,256
asante,mpnet,10.439384220654265,245,128
asante,e5,0.016035920461834507,245,512
asante,bgem3,0.0,245,8192
assamese,labse,0.12828736369467605,174,256
assamese,mpnet,10.77613855035279,240,128
assamese,e5,0.016035920461834507,240,512
assamese,bgem3,0.0,240,8192
azeri,labse,0.032071840923669014,136,256
azeri,mpnet,1.6516998075689542,144,128
azeri,e5,0.0,144,512
azeri,bgem3,0.0,144,8192
bosnian-mihanovich,labse,0.016035920461834507,120,256
bosnian-mihanovich,mpnet,1.0904425914047466,130,128
bosnian-mihanovich,e5,0.0,130,512
bosnian-mihanovich,bgem3,0.0,130,8192
bosnian-rwwad,labse,0.016035920461834507,120,256
bosnian-rwwad,mpnet,1.074406670942912,130,128
bosnian-rwwad,e5,0.0,130,512
bosnian-rwwad,bgem3,0.0,130,8192
chinese,labse,0.032071840923669014,146,256
chinese,mpnet,0.6093649775497113,114,128
chinese,e5,0.0,114,512
chinese,bgem3,0.0,114,8192
croatian,labse,0.016035920461834507,119,256
croatian,mpnet,1.0262989095574084,130,128
croatian,e5,0.0,130,512
croatian,bgem3,0.0,130,8192
dutch,labse,0.08017960230917255,143,256
dutch,mpnet,2.1007055805003207,156,128
dutch,e5,0.0,156,512
dutch,bgem3,0.0,156,8192
english,labse,0.016035920461834507,116,256
english,mpnet,0.8499037844772289,123,128
english,e5,0.0,123,512
english,bgem3,0.0,123,8192
french,labse,0.04810776138550353,148,256
french,mpnet,2.196921103271328,162,128
french,e5,0.0,162,512
french,bgem3,0.0,162,8192
german,labse,0.032071840923669014,137,256
german,mpnet,1.603592046183451,146,128
german,e5,0.0,146,512
german,bgem3,0.0,146,8192
gujarati,labse,0.11225144323284157,165,256
gujarati,mpnet,3.6241180243745994,178,128
gujarati,e5,0.0,178,512
gujarati,bgem3,0.0,178,8192
hausa,labse,0.09621552277100706,167,256
hausa,mpnet,4.185375240538807,184,128
hausa,e5,0.0,184,512
hausa,bgem3,0.0,184,8192
indonesian,labse,0.016035920461834507,139,256
indonesian,mpnet,1.8762026940346375,150,128
indonesian,e5,0.0,150,512
indonesian,bgem3,0.0,150,8192
japanese,labse,0.6254008980115459,227,256
japanese,mpnet,5.099422706863374,194,128
japanese,e5,0.0,194,512
japanese,bgem3,0.0,194,8192
kannada,labse,0.04810776138550353,162,256
kannada,mpnet,2.710070558050032,160,128
kannada,e5,0.0,160,512
kannada,bgem3,0.0,160,8192
khmer,labse,1.3309813983322643,268,256
khmer,mpnet,8.49903784477229,226,128
khmer,e5,0.016035920461834507,226,512
khmer,bgem3,0.0,226,8192
kurdish,labse,1.0262989095574084,259,256
kurdish,mpnet,15.875561257216164,301,128
kurdish,e5,0.032071840923669014,301,512
kurdish,bgem3,0.0,301,8192
kyrgyz,labse,0.19243104554201412,168,256
kyrgyz,mpnet,3.6080821039127646,180,128
kyrgyz,e5,0.0,180,512
kyrgyz,bgem3,0.0,180,8192
lingala,labse,0.04810776138550353,147,256
lingala,mpnet,2.9826812059012187,172,128
lingala,e5,0.0,172,512
lingala,bgem3,0.0,172,8192
lithuanian,labse,0.1763951250801796,180,256
lithuanian,mpnet,5.388069275176395,194,128
lithuanian,e5,0.0,194,512
lithuanian,bgem3,0.0,194,8192
macedonian,labse,0.016035920461834507,130,256
macedonian,mpnet,1.2187299550994226,134,128
macedonian,e5,0.0,134,512
macedonian,bgem3,0.0,134,8192
malayalam,labse,0.2565747273893521,182,256
malayalam,mpnet,3.191148171905067,172,128
malayalam,e5,0.0,172,512
malayalam,bgem3,0.0,172,8192
moore,labse,0.5933290570878769,227,256
moore,mpnet,9.701731879409877,240,128
moore,e5,0.016035920461834507,240,512
moore,bgem3,0.0,240,8192
oromo,labse,0.1763951250801796,166,256
oromo,mpnet,3.752405388069275,177,128
oromo,e5,0.0,177,512
oromo,bgem3,0.0,177,8192
pashto,labse,0.1603592046183451,161,256
pashto,mpnet,2.6459268762026937,163,128
pashto,e5,0.0,163,512
pashto,bgem3,0.0,163,8192
persian,labse,0.14432328415651058,163,256
persian,mpnet,3.44772289929442,175,128
persian,e5,0.016035920461834507,175,512
persian,bgem3,0.0,175,8192
portuguese,labse,0.016035920461834507,134,256
portuguese,mpnet,1.4111610006414368,140,128
portuguese,e5,0.0,140,512
portuguese,bgem3,0.0,140,8192
romanian,labse,0.06414368184733803,154,256
romanian,mpnet,2.421423989737011,163,128
romanian,e5,0.0,163,512
romanian,bgem3,0.0,163,8192
serbian,labse,0.016035920461834507,131,256
serbian,mpnet,1.074406670942912,130,128
serbian,e5,0.0,130,512
serbian,bgem3,0.0,130,8192
spanish,labse,0.11225144323284157,163,256
spanish,mpnet,3.175112251443233,171,128
spanish,e5,0.0,171,512
spanish,bgem3,0.0,171,8192
tagalog,labse,0.06414368184733803,154,256
tagalog,mpnet,3.3194355355997436,172,128
tagalog,e5,0.0,172,512
tagalog,bgem3,0.0,172,8192
tajik,labse,0.3207184092366902,194,256
tajik,mpnet,13.229634381013469,269,128
tajik,e5,0.016035920461834507,269,512
tajik,bgem3,0.0,269,8192
tamil,labse,0.2084669660038486,162,256
tamil,mpnet,4.23348300192431,179,128
tamil,e5,0.0,179,512
tamil,bgem3,0.0,179,8192
turkish,labse,0.016035920461834507,122,256
turkish,mpnet,1.0583707504810775,129,128
turkish,e5,0.0,129,512
turkish,bgem3,0.0,129,8192
urdu,labse,0.016035920461834507,145,256
urdu,mpnet,1.731879409878127,143,128
urdu,e5,0.0,143,512
urdu,bgem3,0.0,143,8192
uyghur,labse,0.3207184092366902,203,256
uyghur,mpnet,6.783194355355997,215,128
uyghur,e5,0.016035920461834507,215,512
uyghur,bgem3,0.0,215,8192
uzbek,labse,0.06414368184733803,150,256
uzbek,mpnet,5.131494547787043,196,128
uzbek,e5,0.0,196,512
uzbek,bgem3,0.0,196,8192
vietnamese,labse,0.14432328415651058,173,256
vietnamese,mpnet,4.23348300192431,184,128
vietnamese,e5,0.0,184,512
vietnamese,bgem3,0.0,184,8192
yoruba,labse,2.245028864656831,319,256
yoruba,mpnet,20.38165490699166,333,128
yoruba,e5,0.06414368184733803,333,512
yoruba,bgem3,0.0,333,8192
